{"parameters": {"Q_learning": {"alpha": 0.3, "gamma": 0.99, "max_len_episode": 100, "number_of_episodes": 50000}, "SARSA": {"alpha": 0.3, "gamma": 0.99, "max_len_episode": 100, "number_of_episodes": 50000}}, "results": {"Q_learning": {"mean_rewards": [0.2, 0.4, 0.4, 0.4, 0.4, 0.4, 0.4, 0.4, 0.4, 0.4, 0.4, 0.4, 0.4, 0.4, 0.4, 0.4, 0.4, 0.4, 0.4, 0.4, 0.4, 0.4, 0.4, 0.4, 0.4, 0.4, 0.4, 0.4, 0.4, 0.4, 0.4, 0.4, 0.4, 0.4, 0.4, 0.4, 0.4, 0.4, 0.4, 0.4, 0.4, 0.4, 0.4, 0.4, 0.4, 0.4, 0.4, 0.4, 0.4, 0.4, 0.4, 0.4, 0.4], "std_rewards": [0.4000000000000001, 0.48989794855663565, 0.48989794855663565, 0.48989794855663565, 0.48989794855663565, 0.48989794855663565, 0.48989794855663565, 0.48989794855663565, 0.48989794855663565, 0.48989794855663565, 0.48989794855663565, 0.48989794855663565, 0.48989794855663565, 0.48989794855663565, 0.48989794855663565, 0.48989794855663565, 0.48989794855663565, 0.48989794855663565, 0.48989794855663565, 0.48989794855663565, 0.48989794855663565, 0.48989794855663565, 0.48989794855663565, 0.48989794855663565, 0.48989794855663565, 0.48989794855663565, 0.48989794855663565, 0.48989794855663565, 0.48989794855663565, 0.48989794855663565, 0.48989794855663565, 0.48989794855663565, 0.48989794855663565, 0.48989794855663565, 0.48989794855663565, 0.48989794855663565, 0.48989794855663565, 0.48989794855663565, 0.48989794855663565, 0.48989794855663565, 0.48989794855663565, 0.48989794855663565, 0.48989794855663565, 0.48989794855663565, 0.48989794855663565, 0.48989794855663565, 0.48989794855663565, 0.48989794855663565, 0.48989794855663565, 0.48989794855663565, 0.48989794855663565, 0.48989794855663565, 0.48989794855663565], "mean_lengths": [82.0, 64.0, 64.0, 64.0, 64.0, 64.0, 64.0, 64.0, 64.0, 64.0, 64.0, 64.0, 64.0, 64.0, 64.0, 64.0, 64.0, 64.0, 64.0, 64.0, 64.0, 64.0, 64.0, 64.0, 64.0, 64.0, 64.0, 64.0, 64.0, 64.0, 64.0, 64.0, 64.0, 64.0, 64.0, 64.0, 64.0, 64.0, 64.0, 64.0, 64.0, 64.0, 64.0, 64.0, 64.0, 64.0, 64.0, 64.0, 64.0, 64.0, 64.0, 64.0, 64.0], "std_lengths": [36.0, 44.090815370097204, 44.090815370097204, 44.090815370097204, 44.090815370097204, 44.090815370097204, 44.090815370097204, 44.090815370097204, 44.090815370097204, 44.090815370097204, 44.090815370097204, 44.090815370097204, 44.090815370097204, 44.090815370097204, 44.090815370097204, 44.090815370097204, 44.090815370097204, 44.090815370097204, 44.090815370097204, 44.090815370097204, 44.090815370097204, 44.090815370097204, 44.090815370097204, 44.090815370097204, 44.090815370097204, 44.090815370097204, 44.090815370097204, 44.090815370097204, 44.090815370097204, 44.090815370097204, 44.090815370097204, 44.090815370097204, 44.090815370097204, 44.090815370097204, 44.090815370097204, 44.090815370097204, 44.090815370097204, 44.090815370097204, 44.090815370097204, 44.090815370097204, 44.090815370097204, 44.090815370097204, 44.090815370097204, 44.090815370097204, 44.090815370097204, 44.090815370097204, 44.090815370097204, 44.090815370097204, 44.090815370097204, 44.090815370097204, 44.090815370097204, 44.090815370097204, 44.090815370097204], "time_steps": [10000, 20000, 30000, 40000, 50000, 60000, 70000, 80000, 90000, 100000, 110000, 120000, 130000, 140000, 150000, 160000, 170000, 180000, 190000, 200000, 210000, 220000, 230000, 240000, 250000, 260000, 270000, 280000, 290000, 300000, 310000, 320000, 330000, 340000, 350000, 360000, 370000, 380000, 390000, 400000, 410000, 420000, 430000, 440000, 450000, 460000, 470000, 480000, 490000, 500000, 510000, 520000, 530000]}, "SARSA": {"mean_rewards": [0.0, 0.2, 0.0, 0.0, 0.0, 0.0, 0.0, 0.0, 0.2, 0.2, 0.0, 0.2, 0.2, 0.0, 0.2, 0.0, 0.0, 0.0, 0.2, 0.2, 0.0, 0.0, 0.0, 0.0, 0.0, 0.2, 0.0, 0.0, 0.0, 0.0, 0.0, 0.0, 0.0, 0.0, 0.2, 0.2, 0.0, 0.0, 0.0, 0.2, 0.2, 0.0, 0.2, 0.2, 0.2, 0.0, 0.0, 0.2, 0.0, 0.0, 0.2, 0.2, 0.2, 0.2, 0.2, 0.2, 0.0, 0.2, 0.2, 0.0, 0.2, 0.2, 0.0, 0.2, 0.2, 0.2, 0.0, 0.0, 0.0, 0.2, 0.0, 0.0, 0.2, 0.2, 0.0, 0.2, 0.2, 0.2, 0.2, 0.2, 0.2, 0.2], "std_rewards": [0.0, 0.4, 0.0, 0.0, 0.0, 0.0, 0.0, 0.0, 0.4, 0.4, 0.0, 0.4, 0.4, 0.0, 0.4, 0.0, 0.0, 0.0, 0.4, 0.4, 0.0, 0.0, 0.0, 0.0, 0.0, 0.4, 0.0, 0.0, 0.0, 0.0, 0.0, 0.0, 0.0, 0.0, 0.4, 0.4, 0.0, 0.0, 0.0, 0.4, 0.4, 0.0, 0.4, 0.4, 0.4, 0.0, 0.0, 0.4, 0.0, 0.0, 0.4, 0.4, 0.4, 0.4, 0.4, 0.4, 0.0, 0.4, 0.4, 0.0, 0.4, 0.4, 0.0, 0.4, 0.4, 0.4, 0.0, 0.0, 0.0, 0.4, 0.0, 0.0, 0.4, 0.4, 0.0, 0.4, 0.4, 0.4, 0.4, 0.4, 0.4, 0.4], "mean_lengths": [100.0, 82.0, 100.0, 100.0, 100.0, 100.0, 100.0, 100.0, 82.0, 82.0, 100.0, 82.4, 82.0, 100.0, 82.0, 100.0, 100.0, 100.0, 82.0, 82.0, 100.0, 100.0, 100.0, 100.0, 100.0, 82.0, 100.0, 100.0, 100.0, 100.0, 100.0, 100.0, 100.0, 100.0, 82.0, 82.4, 100.0, 100.0, 100.0, 82.0, 82.0, 100.0, 82.4, 82.0, 82.0, 100.0, 100.0, 82.4, 100.0, 100.0, 82.0, 82.4, 82.0, 82.0, 82.4, 82.4, 100.0, 82.0, 82.4, 100.0, 82.4, 82.4, 100.0, 82.4, 82.4, 82.0, 100.0, 100.0, 100.0, 82.0, 100.0, 100.0, 82.4, 82.0, 100.0, 82.0, 82.4, 82.0, 82.4, 82.4, 82.0, 82.4], "std_lengths": [0.0, 36.0, 0.0, 0.0, 0.0, 0.0, 0.0, 0.0, 36.0, 36.0, 0.0, 35.2, 36.0, 0.0, 36.0, 0.0, 0.0, 0.0, 36.0, 36.0, 0.0, 0.0, 0.0, 0.0, 0.0, 36.0, 0.0, 0.0, 0.0, 0.0, 0.0, 0.0, 0.0, 0.0, 36.0, 35.2, 0.0, 0.0, 0.0, 36.0, 36.0, 0.0, 35.2, 36.0, 36.0, 0.0, 0.0, 35.2, 0.0, 0.0, 36.0, 35.2, 36.0, 36.0, 35.2, 35.2, 0.0, 36.0, 35.2, 0.0, 35.2, 35.2, 0.0, 35.2, 35.2, 36.0, 0.0, 0.0, 0.0, 36.0, 0.0, 0.0, 35.2, 36.0, 0.0, 36.0, 35.2, 36.0, 35.2, 35.2, 36.0, 35.2], "time_steps": [10000, 20000, 30000, 40000, 50000, 60000, 70000, 80000, 90000, 100000, 110000, 120000, 130000, 140000, 150000, 160000, 170000, 180000, 190000, 200000, 210000, 220000, 230000, 240000, 250000, 260000, 270000, 280000, 290000, 300000, 310000, 320000, 330000, 340000, 350000, 360000, 370000, 380000, 390000, 400000, 410000, 420000, 430000, 440000, 450000, 460000, 470000, 480000, 490000, 500000, 510000, 520000, 530000, 540000, 550000, 560000, 570000, 580000, 590000, 600000, 610000, 620000, 630000, 640000, 650000, 660000, 670000, 680000, 690000, 700000, 710000, 720000, 730000, 740000, 750000, 760000, 770000, 780000, 790000, 800000, 810000, 820000]}}}